,...1,country,area_in_kba_cat_1,area_in_kba_cat_2,area_in_kba_cat_3,area_in_kba_cat_4,total_kba_area,area_in_country_cat_1,area_in_country_cat_2,area_in_country_cat_3,area_in_country_cat_4,total_country_area,continent,,y,x
168,1,Afghanistan,0,0,28886.92663,11832.84428,73957.54346,0,0,313060.4688,234516.9844,639911.9375,Asia,,0.159995096,0.366483215
200,1,Albania,0,0,1095.203195,3213.782707,4731.545954,0,0,5116.189453,22763.38672,28529.77734,Europe,,0.679224663,0.797881682
179,1,Algeria,0,0,35816.55167,33974.60102,214762.6724,0,0,296067.7188,248763.5625,2312314.25,Africa,,0.158196025,0.107582074
2,1,American Samoa,0,0,0,4.712921619,5.006548405,0,0,0,97.87828064,163.6754456,Oceania,,0.941351454,0.598002225
222,1,Andorra,0,0,0,493.2624044,493.2624044,0,0,0,504.8016357,504.8269043,Europe,,1,0.999949946
233,1,Angola,0,-9.62E+37,30105.5495,5912.904661,78467.7299,0,0,549152.1875,131610.3438,1246755.375,Africa,,0.075354603,0.105562283
46,1,Anguilla,0,0,0,15.75869356,18.53293746,0,0,0,49.75954819,91.19368744,North America,,0.850307383,0.545646849
107,1,Antigua and Barbuda,0,0,18.42154503,15.85613212,116.7152927,0,0,122.4225159,238.8410339,536.4121704,North America,,0.135853081,0.445256553
13,1,Argentina,-3.84E+38,-3.90E+38,129697.8137,52172.29335,298644.4952,0,0,1295836.625,692996.75,2771804.25,South America,,0.174696987,0.250016483
211,1,Armenia,0,0,3136.078073,6464.539935,11031.46889,0,0,7446.973145,20622.8418,29545.01953,Asia,,0.586008989,0.698014154
1,1,Aruba,0,0,0,35.53894934,38.88979682,0,0,0,156.3659973,199.4835358,North America,,0.913837362,0.78385415
24,1,Australia,0,-8.25E+38,96443.07497,25471.93352,445823.4964,0,0,1146651.375,255208.9844,7672167.5,Oceania,,0.057134569,0.033264261
35,1,Austria,0,-3.40E+38,2659.214891,11380.41609,14320.44231,0,0,6951.097656,75799.38281,83486.97656,Europe,,0.794697248,0.907918647
189,1,Azerbaijan,0,0,3260.811303,9239.50997,13733.45429,0,0,12596.33691,70203.10156,85581.53125,Asia,,0.672773927,0.820306678
118,1,"Bahamas, The",0,0,397.4330787,3.003284346,3748.258691,0,0,1186.322632,1381.490845,12116.53223,North America,,0.000801248,0.114017016
65,1,Bahrain,0,0,23.32632828,6.763680056,55.12966742,0,0,23.32632828,553.9404297,639.0297852,Asia,,0.122686756,0.866846026
219,1,Baker Island,0,0,0,0,0.42220363,0,0,0,0,0.42220363,North America,,0,0
129,1,Bangladesh,0,0,745.513981,3610.370073,6694.669069,0,0,4662.333008,120396.1172,137652.0938,Asia,,0.539290297,0.874640653
76,1,Barbados,0,0,0,59.65058931,66.0467144,0,0,0,408.1219788,446.0570984,North America,,0.903157558,0.914954566
108,1,Belgium,0,0,0,5545.016131,5586.409711,0,0,0,30298.19336,30467.9082,Europe,,0.992590307,0.994429718
139,1,Belize,0,0,7441.1261,3143.584615,14413.42233,0,0,11237.89355,6892.933594,22013.39844,North America,,0.218101194,0.313124464
165,1,Benin,0,0,11143.96468,2983.327274,14991.90826,0,0,29790.37305,85152.59375,116150.6484,Africa,,0.198995833,0.733121984
96,1,Bermuda,0,0,0,0.083403498,0.083403498,0,0,0,9.91987133,19.7353363,North America,,1,0.502645163
170,1,Bhutan,0,0,3822.854563,1057.724345,13767.65221,0,0,13478.49805,4959.414551,39751.83984,Asia,,0.076826777,0.124759371
161,1,Bolivia,-7.80E+37,-5.86E+38,33196.02225,10085.47296,233167.2189,0,0,347322.2813,118979.6563,1085596.875,South America,,0.043254249,0.109598378
150,1,Bosnia and Herzegovina,0,0,102.0083895,1115.919467,1314.793671,0,0,3561.812988,47467.50391,51276.41406,Europe,,0.848741131,0.925718087
85,1,Botswana,0,0,28070.17756,9383.535056,140286.4323,0,0,253518.375,43577.67578,577508.25,Africa,,0.0668884,0.075458101
172,1,Bouvet Island,0,0,0,0,27.39307976,0,0,0,0,57.08922195,South America,,0,0
169,1,Brazil,0,-4.83E+38,204816.7918,78493.69993,986163.6957,0,0,2517972.25,2076501.25,8467980,South America,,0.079595001,0.245218015
10,1,British Indian Ocean Territory,0,0,0,0,2.734429359,0,0,0,0,90.4094696,Africa,,0,0
149,1,British Virgin Islands,0,0,0,15.3791995,17.17777252,0,0,0,59.29576492,115.2607422,North America,,0.895296493,0.514448925
173,1,Brunei,0,0,518.3858795,107.2763133,1627.826023,0,0,2009.247192,1440.270264,5746.461914,Asia,,0.065901584,0.250636006
171,1,Bulgaria,0,0,4459.903727,20306.14887,25290.17157,0,0,8198.545898,101264.4922,110509.9453,Europe,,0.802926497,0.916338271
144,1,Burkina Faso,0,0,7782.483976,4387.770504,12945.40722,0,0,78742.26563,191254.7656,272216.1875,Africa,,0.338944185,0.702584102
174,1,Burundi,0,0,364.9481664,749.2884601,1247.025402,0,0,1448.237427,23725.93359,27184.99023,Africa,,0.600860623,0.872758584
166,1,Byelarus,0,0,3108.861762,12233.56952,15865.94506,0,0,7670.555664,196437.9063,206374.8438,Europe,,0.771058356,0.951850054
176,1,Cambodia,0,-3.46E+38,26718.51483,12955.29311,55457.22081,0,0,57562.11719,101550.0938,181652.8281,Asia,,0.233608769,0.559033927
185,1,Cameroon,0,0,16511.86918,3463.668273,39988.37171,0,0,241221.5781,152678.8125,464702.2813,Africa,,0.086616887,0.328551889
175,1,Canada,-4.65E+37,-1.23E+38,21739.42819,8561.554238,246967.0543,0,0,1242429.625,475445.3438,9881320,North America,,0.034666787,0.04811557
193,1,Cape Verde,0,0,99.44945889,396.4989382,665.9021045,0,0,332.256012,3175.132324,4028.191162,Africa,,0.595431274,0.788227816
184,1,Cayman Islands,0,0,0,45.15387332,46.47592509,0,0,0,147.4626617,208.3854065,North America,,0.971554052,0.7076439
191,1,Central African Republic,0,0,11117.06882,1451.893042,76599.41476,0,0,250064.375,56058.42188,618519.5625,Africa,,0.018954362,0.090633224
177,1,Chad,0,0,20462.62454,3944.716348,126402.0901,0,0,367680.125,99480.5625,1270909.125,Africa,,0.031207683,0.078275119
183,1,Chile,0,-3.43E+38,12666.26858,6162.31626,51359.40682,0,0,201058.7656,142575.4688,741665.5625,South America,,0.119984179,0.192236873
182,1,China,-6.80E+38,-4.71E+38,254488.275,186447.4808,1108655.884,0,0,1945082.375,4078088.5,9336336,Asia,,0.168174348,0.43679753
30,1,Christmas Island,0,0,0,0,35.12187195,0,0,0,0,123.9420776,Asia,,0,0
187,1,Colombia,0,0,26059.87074,13004.89242,111269.666,0,0,267509.1875,239599.875,1135011.5,South America,,0.116877249,0.211099073
186,1,Comoros,0,0,244.2423848,222.3503506,567.7458133,0,0,326.7959595,1160.716675,1715.513306,Africa,,0.391637147,0.676600217
180,1,Congo,0,0,15431.17142,1484.329593,68228.82524,0,0,125512.7578,16776.75,344017.4063,Africa,,0.021755169,0.048767154
194,1,Cook Islands,0,0,0,0,62.33125854,0,0,0,0,150.3301392,Oceania,,0,0
190,1,Costa Rica,0,0,13684.79925,10479.50483,31601.68811,0,0,15365.19922,30304.82617,51035.77344,North America,,0.331612185,0.593795766
4,1,Croatia,0,0,1436.141915,19767.25536,21998.30173,0,0,2245.874023,51906.45313,55608.44531,Europe,,0.898580972,0.933427519
192,1,Cuba,0,0,5596.993941,10602.80631,19017.31083,0,0,8195.448242,94805.89063,109042.25,South America,,0.55753447,0.869441805
195,1,Cyprus,0,0,442.0705503,2021.639714,2507.510297,0,0,487.4472961,8320.073242,9106.458008,Asia,,0.806233863,0.913645375
210,1,Czech Republic,0,0,172.6326979,7606.404783,7925.480428,0,0,188.9470978,77514.9375,78294.57813,Europe,,0.95974053,0.990042214
196,1,Denmark,0,0,60.00627172,2021.952019,3105.109403,0,0,154.4068604,39831.35156,42417.09766,Europe,,0.651169333,0.939040004
197,1,Djibouti,0,0,431.8962297,487.2186813,1000.662407,0,0,14916.95313,6025.094238,21426.42188,Africa,,0.486896158,0.281199272
198,1,Dominica,0,0,13.84861183,205.4556862,224.4752645,0,0,32.31817245,665.3265381,763.7272339,North America,,0.915270939,0.871157278
201,1,Dominican Republic,0,0,4383.131159,2030.561053,7839.122055,0,0,9251.364258,36853.80859,48317.12109,North America,,0.259029141,0.762748437
202,1,Ecuador,0,-3.16E+38,19974.6705,8742.120681,99566.45448,0,0,64059.13672,95258.36719,255306.3906,South America,,0.087801868,0.373113916
203,1,Egypt,0,0,11142.24275,5869.904604,32005.65454,0,0,135010.2813,90997.25781,996392.75,Africa,,0.183402111,0.091326696
208,1,El Salvador,0,0,169.5508555,2365.504167,2787.276348,0,0,276.0855408,19834.87891,20558.125,South America,,0.848679453,0.964819453
205,1,Equatorial Guinea,0,0,2730.988721,120.7267025,3973.577683,0,0,18962.91406,5734.698242,26921.33398,Africa,,0.030382369,0.213016868
207,1,Eritrea,0,0,7088.013009,4467.765295,14457.21966,0,0,78779.55469,21714.74219,120818.3984,Africa,,0.309033507,0.179730426
206,1,Estonia,0,-3.40E+38,4183.651277,1221.552967,6748.5452,0,0,18899.23828,23292.61719,45596.62891,Europe,,0.181009822,0.510840774
209,1,Ethiopia,0,0,84677.86263,43705.58137,144717.2746,0,0,718650.6875,284426.6563,1127270.625,Africa,,0.302006664,0.25231444
215,1,Falkland Islands (Islas Malvinas),0,0,0,0,269.4669566,0,0,0,0,11422.27637,South America,,0,0
217,1,Faroe Islands,0,-6.32E+37,2.404451756,5.657566253,9.939679504,0,0,530.3101196,450.8616028,1471.925415,Europe,,0.569190008,0.30630737
216,1,Federated States of Micronesia,0,0,61.61143494,54.73842439,205.1179762,0,0,70.91377258,246.8605347,516.1691895,Oceania,,0.266863126,0.478255076
214,1,Fiji,0,-1.07E+38,3352.748432,219.7912875,5532.593282,0,0,9212.71582,4996.878418,18016.9668,Oceania,,0.03972663,0.277342933
213,1,Finland,0,0,3089.357015,943.9605497,20097.25128,0,0,95485.20313,154458.75,332558.7188,Europe,,0.046969635,0.464455572
220,1,France,0,0,3144.697286,37484.85055,43093.94726,0,0,11933.54395,528322,545163.6875,Europe,,0.869840266,0.9691071
212,1,French Guiana,0,0,799.9406625,56.16342452,26686.00679,0,0,8363.087891,1740.338623,83589.5,South America,,0.002104602,0.020820063
218,1,French Polynesia,0,-3.40E+38,566.3968751,654.538177,2347.446928,0,0,510.5294189,585.6846924,2081.770508,Oceania,,0.278829808,0.281339701
221,1,French Southern & Antarctic Lands,0,0,0,0,1432.71202,0,0,0,0,7436.236816,Africa,,0,0
224,1,Gabon,0,0,2069.884243,216.2781408,26826.5942,0,0,93702.23438,8513.194336,260690.8438,Africa,,0.00806208,0.032656284
223,1,"Gambia, The",0,0,30.77839084,492.5459506,720.8029045,0,0,303.9442139,9926.888672,10716.14746,Africa,,0.683329586,0.926348644
240,1,Gaza Strip,0,0,0,18.22700111,18.38553802,0,0,0,361.9233704,370.4026794,Asia,,0.991377086,0.977107863
225,1,Georgia,0,0,9386.441385,6816.962965,19751.78562,0,0,22882.13867,38780.84766,69641.01563,Asia,,0.345131478,0.556867922
231,1,Germany,0,0,21.593917,53771.38589,56479.79271,0,0,27.2606163,349946.5,355055.2813,Europe,,0.952046445,0.985611307
226,1,Ghana,0,0,12341.15834,5394.77841,18443.44684,0,0,55989.14453,175164.6094,238984.9219,Africa,,0.292503807,0.732952556
227,1,Gibraltar,0,0,0,3.612662727,6.818175793,0,0,0,4.312462807,7.820232868,Europe,,0.529857668,0.551449411
232,1,Glorioso Islands,0,0,0,0,2.706900597,0,0,0,0,4.912642956,Africa,,0,0
236,1,Greece,0,0,5276.3326,23098.94333,29942.59669,0,0,9030.101563,115689.2656,129493.8125,Europe,,0.771440886,0.893396089
230,1,Greenland,0,0,0,0,15539.44554,0,0,884.1159668,93.0359726,2140245.5,North America,,0,4.34698E-05
228,1,Grenada,0,0,0,33.19106451,33.3449935,0,0,0,291.4280396,346.0961304,North America,,0.995383745,0.842043623
234,1,Guadeloupe,0,0,20.62128375,400.0400648,449.3025742,0,0,20.62128448,1473.321045,1650.588135,North America,,0.89035783,0.892603681
235,1,Guam,0,0,0.92281121,38.88607836,44.43169451,0,0,0.92281121,490.8606567,575.4417725,Oceania,,0.875187831,0.853015336
237,1,Guatemala,0,-6.00E+37,23698.13696,18593.94857,53786.10679,0,0,36511.32813,60447.93359,108921.9688,North America,,0.3457017,0.554965488
229,1,Guernsey,0,0,0,1.413915873,8.645180702,0,0,0,59.12634277,72.35455322,Europe,,0.163549603,0.817175148
238,1,Guinea,0,0,3854.579699,2361.087293,6495.615607,0,0,92950.66406,149692.6563,244951.3438,Africa,,0.363489381,0.611111799
91,1,Guinea-Bissau,0,0,3461.567366,2313.209764,6844.813778,0,0,11780.52051,19487.29883,33143.78125,Africa,,0.337950723,0.58796245
239,1,Guyana,0,0,818.1264971,9.78469944,3778.275421,0,0,9428.258789,3738.895264,210568.6563,South America,,0.002589726,0.017756181
241,1,Haiti,0,0,338.0656971,3507.085033,4270.438919,0,0,1337.324707,24769.07227,27123.48047,North America,,0.821246972,0.913196678
242,1,Heard Island & McDonald Islands,0,0,0,0,357.3201294,0,0,0,0,397.6660156,Oceania,,0,0
243,1,Honduras,0,0,4979.530446,2646.895947,21893.79918,0,0,33504.4375,51233.21875,112124.2813,North America,,0.12089706,0.456932416
3,1,Howland Island,0,0,0,0,2.231335163,0,0,0,0,2.231335163,North America,,0,0
5,1,Hungary,0,0,17.31253055,13071.28458,14036.315,0,0,17.31253052,91062.66406,92493.59375,Europe,,0.931247595,0.984529418
6,1,Iceland,0,-2.61E+38,815.1766708,57.46387278,9501.955529,0,0,10596.15039,2399.702881,102104.8047,Europe,,0.006047584,0.02350235
9,1,India,-6.80E+38,-3.40E+38,38823.74912,120923.0319,220525.571,0,0,179553.5156,2766830,3147207.25,Asia,,0.548340183,0.879138163
7,1,Indonesia,0,-1.02E+39,108190.9593,44834.81125,273217.2188,0,0,604822.1875,651309.375,1893817.75,Asia,,0.164099508,0.343913439
11,1,Iran,0,0,42361.5374,37447.18195,100034.8891,0,0,723676.0625,684246.8125,1618443.5,Asia,,0.374341215,0.422780784
16,1,Iraq,0,0,5572.223502,18634.10615,30067.18327,0,0,92228.17188,211767.4219,434970.375,Asia,,0.61974898,0.486854816
204,1,Ireland,0,0,593.5969658,2995.751544,4461.488013,0,0,3016.685303,63379.85938,69190.07031,Europe,,0.671469146,0.916025365
12,1,Israel,0,0,1173.824515,5831.983689,7193.628924,0,0,4817.134277,15256.94141,20650.26758,Asia,,0.810715113,0.738825362
14,1,Italy,0,-1.02E+39,8340.451411,37482.26217,47618.25226,0,0,18048.625,275813.2188,298605,Europe,,0.787140653,0.923672473
15,1,Ivory Coast,0,0,10405.31803,2975.163006,23504.01723,0,0,90532.58594,217971.5156,321266.1563,Africa,,0.126581043,0.678476432
19,1,Jamaica,0,-3.40E+38,638.0979876,3077.169826,3868.410547,0,-3.40E+38,720.3604736,9908.501953,11020.98535,South America,,0.795461027,0.899057719
20,1,Jan Mayen,0,0,0,0,467.0086365,0,0,0,0,467.0086365,Europe,,0,0
17,1,Japan,0,0,9098.146115,49864.35316,63982.3198,0,0,14792.7334,341943.625,369830.875,Asia,,0.779345815,0.924594587
199,1,Jarvis Island,0,0,0,0,8.195804596,0,0,0,0,8.195804596,North America,,0,0
18,1,Jersey,0,0,0,0.424953043,5.203695774,0,0,0,102.7598495,123.2247849,Europe,,0.081663699,0.833921922
22,1,Johnston Atoll,0,0,0,0,0.490570012,0,0,0,0,0.490570009,North America,,0,0
21,1,Jordan,0,0,3120.044956,4877.20443,8781.815924,0,0,25100.50977,21294.87891,88974.21875,Asia,,0.555375388,0.239337633
23,1,Juan De Nova Island,0,0,0,0,1.570463538,0,0,0,0,5.734049797,Africa,,0,0
32,1,Kazakhstan,0,-9.17E+37,69554.21051,13862.79097,157321.4543,0,0,1180767.375,349445.4688,2708192.5,Asia,,0.088117613,0.129032729
25,1,Kenya,0,0,33162.34383,15404.11505,71877.38893,0,0,272771.5938,177648.7969,581855.375,Africa,,0.214310999,0.305314352
28,1,Kiribati,0,0,0,0,515.9080582,0,0,0,0,418.8899231,Oceania,,0,0
31,1,Kuwait,0,0,369.9481428,595.4967394,978.3763335,0,0,2878.681641,13709.96289,16697.82227,Asia,,0.60865816,0.821062931
26,1,Kyrgyzstan,0,0,2467.615714,1805.348809,9368.882405,0,0,84826.91406,49933.125,198687.2969,Asia,,0.192696282,0.251315136
33,1,Laos,0,0,23130.08748,4397.198261,51854.34308,0,0,105966.8906,64338.58984,229650.8906,Asia,,0.084799035,0.280158242
36,1,Latvia,0,0,835.7721904,4071.809144,5371.646834,0,0,4123.320313,58699.12109,64188.35156,Europe,,0.758018773,0.914482451
34,1,Lebanon,0,0,362.9004948,2921.807599,3343.746024,0,0,632.5372314,9440.316406,10182.29492,Asia,,0.873812657,0.927130522
41,1,Lesotho,0,0,910.3372967,1621.784895,2532.340439,0,0,7258.458984,23114.12305,30441.33398,Africa,,0.640429253,0.759300597
38,1,Liberia,0,0,16638.07837,1584.523203,27943.06391,0,0,45236.52734,35471.25,95991.78125,Africa,,0.056705421,0.369523823
43,1,Libya,0,0,14218.06805,24027.20689,39232.9287,0,0,216712.4844,67613.29688,1614214.125,Africa,,0.612424504,0.041886201
40,1,Liechtenstein,0,0,0,10.78658533,10.78658533,0,0,0.129488498,173.4792023,175.4374542,Europe,,1,0.988837891
37,1,Lithuania,0,0,65.42541335,5048.536636,5587.028663,0,0,82.929245,63210.62109,64569.76953,Europe,,0.903617458,0.9789507
42,1,Luxembourg,0,0,0,413.5937448,417.604406,0,0,0,2560.445557,2565.579346,Europe,,0.990396028,0.997998975
52,1,Macedonia,0,0,1225.402968,6817.606223,8517.99174,0,0,3406.408691,21435.22852,25350,Europe,,0.800377182,0.845571145
44,1,Madagascar,0,0,51790.91398,16608.57232,98535.93957,0,0,315672.9063,148956.5938,592317.625,Africa,,0.168553448,0.251480941
51,1,Malawi,0,0,8138.459972,6754.020848,19688.05962,0,0,18011.96484,73659.08594,118423.4688,Africa,,0.343051625,0.621997368
63,1,Malaysia,0,0,18525.72058,7796.613385,54276.6428,0,0,104571.9141,127066.4141,328482.3438,Asia,,0.14364583,0.386828749
53,1,Mali,0,0,8008.205231,6206.711635,24451.15994,0,0,282669.7813,235086.6563,1251148.25,Africa,,0.253841194,0.187896723
59,1,Malta,0,0,0,14.3723902,50.67786168,0,0,0,231.087677,293.3856812,Europe,,0.283602933,0.787658334
8,1,"Man, Isle of",0,0,0,170.6090007,177.4558067,0,0,0,536.1055908,614.0003052,Europe,,0.961416839,0.873135707
94,1,Marshall Islands,0,-2.76E+37,0.001187923,0,2.874725997,0,0,0.249804169,0.524496317,31.73348427,Oceania,,0,0.016528167
45,1,Martinique,0,0,5.326309204,261.4439489,295.1728514,0,0,5.326309204,991.1213989,1147.231323,North America,,0.885731691,0.863924632
58,1,Mauritania,0,0,2190.18636,1024.165284,10491.22841,0,0,161555.1406,35564.66797,1037214.5,Africa,,0.097621103,0.034288634
56,1,Mauritius,0,0,0.267239869,647.1772725,667.6384246,0,0,0.267239869,1879.026245,2142.428467,Africa,,0.969352944,0.877054368
48,1,Mayotte,0,0,0,97.44912402,205.6504943,0,0,0,310.5368652,435.0809937,Africa,,0.473857962,0.713744957
62,1,Mexico,0,-6.93E+38,183668.442,94243.84004,370856.6125,0,0,904341.4375,645719.5,1953585.75,North America,,0.254124739,0.330530411
57,1,Midway Islands,0,0,0,0,7.788744926,0,0,0,0,7.788744926,North America,,0,0
47,1,Moldova,0,0,0,537.2822215,582.516587,0,0,1.985213399,33184.73047,33505.94922,Europe,,0.922346648,0.990413083
49,1,Mongolia,0,0,20192.81387,1957.724198,81025.30039,0,0,580344.5,65175.77344,1554627.5,Asia,,0.024161888,0.041923723
61,1,Montenegro,0,0,301.2038287,1177.731726,1750.917138,0,0,3053.819824,10343.7168,13732.83691,Europe,,0.672637043,0.753210489
50,1,Montserrat,0,0,15.17089033,0.158131197,16.12579295,0,0,57.85118103,0.972872078,112.4758911,North America,,0.009806104,0.008649605
54,1,Morocco,0,0,12364.4861,21499.83202,38933.40998,0,0,139404.1719,226937.2188,402112.5938,Africa,,0.552220626,0.564362376
64,1,Mozambique,0,0,22125.36845,6800.596747,32545.93888,0,0,363989.375,288628.125,785582.125,Africa,,0.208953774,0.367406686
164,1,Myanmar (Burma),0,0,35699.05062,23734.54598,117794.0194,0,0,224970.6875,284901.5625,666176.5,Asia,,0.201491944,0.427666786
153,1,Namibia,0,0,23950.39105,705.2034956,104633.4346,0,0,471843.6563,56916.37891,822436.375,Africa,,0.006739753,0.069204598
75,1,Nauru,0,0,0,0,0.010106363,0,0,0,16.37908173,27.16329384,Oceania,,0,0.602985847
74,1,Nepal,0,-3.40E+38,6425.243156,9383.448041,32864.29555,0,0,28474.86719,77886.46094,146831.7969,Asia,,0.285521046,0.530446828
72,1,Netherlands,0,0,0,4898.691808,6459.34545,0,0,0,33294.24609,35344.08984,Europe,,0.758388268,0.94200321
78,1,Netherlands Antilles,0,0,0,174.0096889,264.9568987,0,0,0,595.3178711,788.2997437,North America,,0.656747153,0.755192268
66,1,New Caledonia,0,-1.07E+38,2086.103453,179.5109753,4186.761915,0,0,10601.07227,2052.218018,18820.12695,Oceania,,0.04287585,0.109043793
80,1,New Zealand,0,-2.07E+38,1813.390129,2546.891542,12882.63143,0,0,109378.8125,55182.23438,267539.25,Oceania,,0.197699636,0.206258463
79,1,Nicaragua,0,0,8598.399982,2515.201094,23877.642,0,0,43856.80078,52385.73047,128041.5,North America,,0.10533708,0.409130871
69,1,Niger,-3.13E+37,0,7210.045801,7403.854615,107510.0541,0,0,235290.5938,142655.0938,1180926.375,Africa,,0.068866625,0.120799312
71,1,Nigeria,0,0,16950.74428,16538.46005,36216.45357,0,0,118041.7031,776099.125,908259.4375,Africa,,0.456655979,0.854490571
67,1,Niue,0,0,0,0,36.37359238,0,0,0,0,249.23172,Oceania,,0,0
68,1,Norfolk Island,0,0,0,0,48.87248993,0,0,0,0,48.87251282,Oceania,,0,0
27,1,North Korea,0,0,60.33164692,2357.721699,2793.649678,0,0,7044.191406,112063.2031,121701.9922,Asia,,0.843957536,0.920800071
188,1,Northern Mariana Islands,0,0,23.03704643,77.31904221,105.6049595,0,0,23.05498123,135.208252,236.8893433,Oceania,,0.732153514,0.570765447
73,1,Norway,0,-2.82E+38,5770.01932,749.129599,15626.99561,0,0,157681.2969,61215.66016,318285.25,Europe,,0.047938172,0.192329554
60,1,Oman,0,0,20695.60269,3566.692311,68371.65145,0,0,134997.5781,49889.3125,308266.5,Asia,,0.052166245,0.161838255
90,1,Pacific Islands (Palau),0,0,106.3572848,283.9175286,401.0141563,0,0,62.26190186,230.0514069,352.2191772,Oceania,,0.707998768,0.653148442
84,1,Pakistan,0,0,12865.92451,21218.99662,44953.38901,0,0,263633,472747.2188,874335.375,Asia,,0.472022179,0.540693231
87,1,Panama,0,-3.40E+37,5303.520354,2301.444971,20827.36372,0,0,21652.90625,24908.87891,74054.83594,South America,,0.110501022,0.336357222
89,1,Papua New Guinea,0,-6.30E+38,13257.16451,2294.387447,69745.84772,0,0,105157.75,26362.16602,461795.875,Oceania,,0.032896402,0.057086188
81,1,Paraguay,0,-1.14E+37,8370.542793,2925.617276,35192.80368,0,0,115717.1953,83867.875,398180.5938,South America,,0.083131123,0.210627731
83,1,Peru,0,0,31939.78897,14796.14925,227319.3653,0,0,328924.3125,227719.3125,1290455.75,South America,,0.0650897,0.176464255
97,1,Philippines,0,-6.80E+38,31353.49557,26180.27966,76749.74751,0,0,55095.25,205093.4375,292278.2188,Asia,,0.341112258,0.701706197
82,1,Pitcairn Islands,0,0,0,0,32.75495219,0,0,0,0,48.04273224,Oceania,,0,0
86,1,Poland,0,0,197.7919221,46748.9866,48887.06533,0,0,200.9275818,304876.6875,309724.375,Europe,,0.95626494,0.984348382
88,1,Portugal,0,-1.16E+38,5626.657802,7688.420102,13867.92414,0,0,18592.68555,71051.20313,91534.99219,Europe,,0.554403098,0.776219033
98,1,Puerto Rico,0,0,17.07409187,1475.414141,1708.253324,0,0,17.07409096,8545.108398,9138.40625,South America,,0.863697509,0.935076442
92,1,Qatar,0,0,22.53500366,11.19736767,63.13360977,0,0,5013.865234,5721.933594,11075.81348,Asia,,0.177359852,0.5166152
93,1,Reunion,0,0,260.0432427,1052.250706,1346.008738,0,0,230.1005402,2161.950684,2638.608154,Europe,,0.781756222,0.819352688
95,1,Romania,0,0,5308.755899,31744.19922,38842.04589,0,0,14862.88379,219010.4844,236152.1563,Europe,,0.817263831,0.927412596
99,1,Russia,-2.22E+38,-1.31E+39,160274.812,134988.2035,886766.9325,0,0,3768832.75,2578037.5,16816626,Asia,,0.152225121,0.153302898
100,1,Rwanda,0,0,866.4996508,2584.450698,5772.983952,0,0,1670.08313,20825.09961,25136.37109,Africa,,0.447680215,0.82848473
133,1,Sao Tome and Principe,0,0,325.6673374,133.0110105,508.9911273,0,0,403.5182495,500.4312134,1142.074097,Africa,,0.261322847,0.438177536
101,1,Saudi Arabia,0,0,16341.31732,8103.172848,47769.88915,0,0,749812.5,243396.0156,1951283,Asia,,0.1696293,0.124736399
106,1,Senegal,0,0,15025.06788,5499.850191,28408.80824,0,0,97391.58594,86534.67188,195893,Africa,,0.193596653,0.441744584
115,1,Serbia,0,0,1326.326421,11083.31089,12816.05532,0,0,3988.316895,82591.78906,87709.11719,Europe,,0.864798927,0.941655688
104,1,Seychelles,0,0,0,81.0910784,223.7020402,0,0,0,125.4629211,377.631073,Africa,,0.362495927,0.332236752
111,1,Sierra Leone,0,-1.90E+38,2208.002914,2267.574652,4682.208608,0,0,12905.93652,58620.26563,72469.42188,Africa,,0.484295947,0.808896554
112,1,Singapore,0,0,0,58.36135864,83.85157681,0,0,0,462.2695007,551.1542358,Asia,,0.696007885,0.838729834
39,1,Slovakia,0,0,147.5550294,13570.7918,13813.67893,0,0,196.2121582,48193.34766,48649.42969,Europe,,0.982416912,0.990625131
110,1,Slovenia,0,0,549.4579041,5013.36856,5581.602791,0,0,594.7140503,19673.87305,20314.23242,Europe,,0.898195151,0.968477304
167,1,Solomon Islands,0,0,1817.264624,43.22827129,12441.5583,0,0,4047.509766,978.3518066,26977.73633,Oceania,,0.003474506,0.036265156
113,1,Somalia,0,0,36984.89847,7040.28758,47023.87493,0,0,422519.375,128565.6875,636178.9375,Africa,,0.1497173,0.20209045
105,1,South Africa,0,0,102036.1892,86809.52948,205947.3811,0,0,600247.125,498792.875,1218479.125,Africa,,0.421513151,0.409356931
121,1,South Georgia and the South Sandwich Is,0,0,0,0,3141.77124,0,0,0,0,3586.432129,South America,,0,0
29,1,South Korea,0,0,0,210.3772729,542.0886426,0,0,352.6545715,93012.03125,96892.05469,Asia,,0.38808648,0.959955195
114,1,Spain,0,-3.40E+38,46436.98096,132603.9063,182238.9947,0,-3.40E+38,84551.28125,413684.2188,504039.9688,Europe,,0.727637389,0.820736934
178,1,Sri Lanka,0,0,1067.588318,4541.167578,6209.339619,0,0,7842.539551,54959.09375,66026.90625,Asia,,0.731344693,0.832374207
109,1,St. Helena,0,0,0,0,42.11282139,0,0,0,0,130.3817749,Africa,,0,0
103,1,St. Kitts and Nevis,0,0,7.254582405,53.28662377,62.91054547,0,0,7.254582405,134.8478851,195.4224854,North America,,0.847022123,0.690032597
116,1,St. Lucia,0,0,14.20266247,192.9326525,225.8867453,0,0,14.20266247,562.0861206,634.9016724,North America,,0.854112322,0.885312081
102,1,St. Pierre and Miquelon,0,0,14.29087353,0,37.69563675,0,0,150.5836182,9.046301842,221.760025,North America,,0,0.040793204
147,1,St. Vincent and the Grenadines,0,0,85.28589678,128.0981157,214.1903054,0,0,52.87921524,267.135498,342.0577698,North America,,0.598057487,0.780966029
117,1,Sudan,0,0,83655.47002,24308.30837,144013.609,0,0,1010608.25,264212.1563,2485378.5,Africa,,0.168791745,0.106306607
77,1,Suriname,0,0,1587.161406,506.4905756,46350.0218,0,0,11124.01465,3136.924072,144978.0781,South America,,0.010927515,0.02163723
119,1,Svalbard,0,0,0,0,38964.56642,0,0,0,0,61831.97656,Europe,,0,0
159,1,Swaziland,0,0,97.76488687,3016.052987,3143.562923,0,0,446.4116821,16560.59375,17076.12695,Africa,,0.959437766,0.969809711
120,1,Sweden,0,0,2637.824492,1672.855006,17353.86809,0,0,158186.3125,182220,442510.3125,Europe,,0.096396665,0.411787013
123,1,Switzerland,0,-2.42E+38,903.3239549,4361.37384,5497.871004,0,0,6103.373047,33455.67969,41268.10938,Europe,,0.793284134,0.810690875
122,1,Syria,0,0,4802.214299,16768.9114,22815.44628,0,0,46783.04297,117809.8516,187353.5,Asia,,0.734980644,0.628810519
136,1,Taiwan,0,0,4543.303474,1440.390242,6602.517162,0,0,9773.027344,24579.41211,36115.92578,Asia,,0.218157743,0.680569903
127,1,Tajikistan,0,0,2452.020353,2798.244713,12950.65183,0,0,30271.25,40661.19922,141873.25,Asia,,0.216069797,0.286602296
138,1,"Tanzania, United Republic of",0,0,83542.9159,24346.27501,183136.0568,0,0,381445.5625,346928.7188,941258.4375,Africa,,0.132940915,0.368579664
126,1,Thailand,0,0,32486.70661,39694.16452,83038.79587,0,0,62704.92578,430024.6875,511880.4375,Asia,,0.47801951,0.840088146
132,1,Togo,0,0,1788.727583,2963.442832,4753.418546,0,0,6455.277832,50365.66406,57104.90625,Africa,,0.62343402,0.881984883
130,1,Tokelau,0,0,0,0,7.415510237,0,0,0,0,7.365663052,Oceania,,0,0
131,1,Tonga,0,0,0.095199019,0,1.8304106,0,0,87.11994171,209.2973175,455.9284973,Oceania,,0,0.459057327
125,1,Trinidad and Tobago,0,0,325.6533332,642.3624306,975.4244107,0,0,408.4052124,4393.304199,5008.630371,North America,,0.658546601,0.877146819
134,1,Tunisia,0,0,3754.183213,4952.586244,10951.54701,0,0,28456.27734,91422.67969,154874.8125,Africa,,0.452227091,0.590300503
135,1,Turkey,0,0,42096.0314,111647.6104,162395.6794,0,0,134420.4063,626668.375,776838.0625,Asia,,0.687503577,0.806691131
137,1,Turkmenistan,0,0,18964.59272,3102.91573,31929.69367,0,0,292300.5625,56761.57813,469786.9688,Asia,,0.097179627,0.12082408
128,1,Turks and Caicos Islands,0,0,92.77929282,0,134.2889645,0,0,197.1329498,0,285.686554,North America,,0,0
140,1,Uganda,0,-1.43E+37,11451.45015,10902.96508,23452.12975,0,0,43833.23828,160229.6875,242072.2813,Africa,,0.464902983,0.661908446
142,1,Ukraine,0,0,1647.643154,19854.23667,24536.805,0,0,8710.560547,571840.25,594094.6875,Europe,,0.809161448,0.962540588
124,1,United Arab Emirates,0,0,53.6800828,971.2504937,1095.628986,0,0,32426.44727,37306.41406,70188.92969,Asia,,0.886477545,0.531514218
141,1,United Kingdom,0,-2.02E+38,9243.376122,12425.97573,23910.97931,0,0,34684.10547,199786.0625,242744.9688,Europe,,0.519676571,0.823028644
143,1,United States,-6.45E+38,-2.87E+38,156363.8845,80458.73312,393443.7544,0,0,3647769.75,3566056.5,9421777,North America,,0.204498692,0.378490862
145,1,Uruguay,0,0,22833.64628,4893.062256,34144.25435,0,0,110240.2891,28320.86719,177337.7969,South America,,0.143305582,0.159700119
146,1,Uzbekistan,0,-2.65E+38,15159.3035,7590.216095,32728.19291,0,0,172875.2188,163920,444626,Asia,,0.231916749,0.368669399
70,1,Vanuatu,0,0,1053.049383,99.14043617,3951.326603,-3.40E+38,0,3434.092529,945.2042847,12255.00195,Oceania,,0.025090418,0.07712804
148,1,Venezuela,0,0,35062.26709,10153.87953,221646.6482,0,0,279974.4688,154720.7344,910699.9375,South America,,0.045811112,0.16989211
151,1,Vietnam,0,-9.44E+37,14992.02586,18156.30508,36501.31242,0,0,52184.25,258974.0313,323948.5313,Asia,,0.49741513,0.799429558
152,1,Virgin Islands,0,0,0,1.223359473,3.632044673,0,0,0,189.468277,218.0441895,North America,,0.336823906,0.868944398
157,1,Wake Island,0,0,0,0,18.31153131,0,0,0,0,18.31153107,North America,,0,0
155,1,Wallis and Futuna,0,0,0,0,35.03146744,0,0,0,0,160.3917694,Oceania,,0,0
154,1,West Bank,0,0,0,1887.034002,1890.787511,0,0,0,5674.820313,5864.784668,Asia,,0.998014844,0.967609321
156,1,Western Sahara,0,-3.19E+38,631.254702,5.20216915,15197.48739,0,0,19320.38867,2835.753418,268507.25,Africa,,0.000342305,0.01056118
158,1,Western Samoa,0,0,528.4438555,204.2976257,1045.958129,0,0,931.3378296,1406.002686,2935.926514,Oceania,,0.195321036,0.478895735
160,1,Yemen,0,0,5301.737086,10760.09854,16899.98057,0,0,129337.3203,99486.79688,423387.8125,Asia,,0.636692953,0.234977942
181,1,Zaire,0,0,48327.08733,11986.42326,163581.6776,0,0,1094970.25,365737.5625,2326467,Africa,,0.073274852,0.157207286
162,1,Zambia,0,0,55894.26573,7449.657567,103803.2801,0,0,445157.8438,164394.7969,751499.8125,Africa,,0.071767073,0.218755606
163,1,Zimbabwe,0,-1.65E+38,20217.20598,3603.074614,31760.58124,0,0,196311.3906,180725.9688,389445.6563,Africa,,0.113444858,0.464059531
,,,,,,,,,,,,,,,0.386215682,0.488317347
